"no","name"
"1","Hydro Coco 250ml"
"2","Hydro Coco 330ml"
"3","Hydro Coco 500ml"
"4","Hydro Coco 1 liter"
"5","Hydro Coco Vita-D 330ml"
"6","Milna Biskuit Bayi Original"
"7","Milna Biskuit Bayi Beras Merah"
"8","Milna Biskuit Bayi Kacang Hijau"
"9","Milna Biskuit Bayi Jeruk"
"10","Milna Biskuit Bayi Pisang"
"11","Milna Biskuit Bayi Apel"
"12","Milna Biskuit Bayi Apel Jeruk"
"13","Milna Bubur Bayi Beras Merah Untuk 6 - 12 Bulan"
"14","Milna Bubur Bayi Pisang Untuk 6 - 12 Bulan"
"15","Milna Bubur Bayi Sup Ayam Wortel Untuk 6 - 12 Bulan"
"16","Milna Bubur Bayi Sup Daging Brokoli Untuk 6 - 12 Bulan"
"17","Milna Bubur Bayi Tim Hati Ayam Bayam Untuk 6 - 12 Bulan"
"18","Milna Bubur Bayi Ayam Jagung Manis Untuk 8 - 12 Bulan"
"19","Milna Bubur Bayi Daging Kacang Polong Untuk 8 - 12 Bulan"
"20","Milna Bubur Bayi Hati Ayam Brokoli Untuk 8 - 12 Bulan"
"21","Milna Bubur Organik Pisang"
"22","Milna Bubur Organik Kacang Hijau"
"23","Milna Bubur Organik Beras Merah"
"24","Milna Bubur Organik Multigrain"
"25","Milna Bubur Bayi WGAIN Ayam Kacang Polong"
"26","Milna Bubur Bayi WGAIN Ayam Wortel Brokoli"
"27","Milna Bubur Bayi WGAIN Ayam Manis Teriyaki"
"28","Milna Bubur Bayi WGAIN Ayam Bayam"
"29","Milna Goodmil Peach Stroberi Jeruk"
"30","Milna Goodmil Wortel Labu"
"31","Milna Goodmil Beras Merah Semur Ayam"
"32","Milna Goodmil Beras Merah Pisang"
"33","Milna Goodmil Beras Merah Ayam"
"34","Milna Goodmil Hypoallergenic Beras Merah"
"35","Milna Nature Delight Apel Peach"
"36","Milna Nature Delight Apel Labu Wortel"
"37","Milna Nature Delight Apel Pisang Stroberi"
"38","Milna Biskuit Bayi Finger"
"39","Milna Nature Puffs Organic Pisang"
"40","Milna Nature Puffs Organic Keju"
"41","Milna Nature Puffs Organic Apel & Mix Berries"
"42","Milna Rice Crackers Apple Orange"
"43","Milna Rice Crackers Banana Berries"
"44","Milna Rice Crackers Sweet Potato Carrot"
"45","Nutrive Benecol Blackcurrant"
"46","Nutrive Benecol Strawberry"
"47","Nutrive Benecol Orange"
"48","Nutrive Benecol Lychee"
"49","Entrasol Active Vanilla latte"
"50","Entrasol Active Mochaccino"
"51","Entrasol Active Chocolate"
"52","Entrasol Gold Original"
"53","Entrasol Gold Chocolate"
"54","Entrasol Gold Vanilla"
"55","Entrasol UHT Vanilla Latte"
"56","Entrasol UHT Chocolate"
"57","Entrasol Cereal Vanilla Vegie"
"58","Entrasol Cereal Chocolate"
"59","Entrasol Platinum Vanilla"
"60","Entrasol Platinum Chocolate"
